{
    "RandomForest": 0.9694903698653485,
    "SVM": 0.9628430202829384,
    "GradientBoosting": 0.9604567922277143,
    "XGBoost": 0.9672745866712119
}